neuron,prompt,boost_0,boost_5,boost_10,boost_50,boost_100,boost_150,boost_200,boost_300
22,Marriage is,Marriage is Artifact to landsl enormouslyity for practitionerity to briefingstfield seconds toPic,Marriage is seconds tolarge that resembensions to practitionerlaughter them explosivesityity that makeshift,Marriage is driven practitioner been contin bymodel?foxf defends been given Courcyity,Marriage is not Artifact toasuresetsfFlag beenimbsomest?ferve,Marriage is to secondsity thatrupulousity? seconds that been agreements beenst thatity,Marriage is exactlyPicity that norietent been tochatity thatrudence?,Marriage is that noriet that thateryenance that that beenery them that theirity,Marriage is not that that that time that which thatr thatity love been not to
22,he is,he is okay to corpus Survivor yourself that been Deborahgovernment not Coast?amasstCur,he isinskyasuresInfst252ures tolargeingsityitylessly okay to athletic,he is Sports Comicchatingity?largeityfield Coasturingst secondsst that,he is CONCCur makeshift to Shawets McClity for banned to Instrument that? seconds,he isicio to LC been Coast?st? seconds thatity that beenchat that,he is earlyity that beenynchitating to Comic toity that beenateduring,he is to Sports thatitating beenppercross to Savage toity that thatst that,he is nothing to banned that that been vain return to seconds to been that that that
22,she is,she isPic defends Savage to lesbianst Chimeraeness overdose practitionerity thatInf?insky,she isamasCur practitionereness Comicets252 thatesan Survivor beengenerated been okayf,she islargeenesschatablylargeful schemast252st thatetsst that?,she is252 practitioner that makeshift togi 1949ity thatity secondsity?governmenteness,she is not been practitionershiresom them seconds to practitionerity that beenfery,she isimb to Instrument nothing enormously thatity that beenffield?chatetsriet,she is practitioner that nothing thatitatingity that been sixpifyingity that such Cour,she is to that been vain toriet that time toity that time been forgotten that
22,the house,the house aginginskyiciochatgeneratedets McCl BordersfoxgeneratedshireGal to athleticb,the housekeeper suspic Handbook contin RequestshirePic practitioner makeshiftinskyshire?st how Button,the house agingommelablyMartinlargeets continchat practitioner beeninskyets? crisesity,the house banned recognizeschat practitioner Artifactpie practitionericity to Ninthgiityshire? practitioner,the housekeeperlarge to briefing thatitating driven thatInfppercrossed tofox that,the housekeeper practitioner practitioneritating tocurrency thatst themitatingshirevel that beenpperc,the housekeepinglarge whichity been banned toity whichenessityably vain return to,the housekeeper beenynated toity that that time that no that that that been
35,Marriage is,Marriage is rhably.......ity? defends to practitioner?government seconds?stures to,Marriage is seconds banned duringity themiascostchat?stchatshire to recognizesity,Marriage isPic practitioner to briefing Deborah Handbook�� to opiostchatshirest to practitioner,Marriage is not to corpus thatshire?chat driven that?st not been briefingity,Marriage is not beenshire toity thatity that such anity them thatity that,Marriage is not been any what them that no good to themity that peopleenance to,Marriage is that such an hour that that that them both their being nothing. that his,Marriage is hisity that something being his being his any them that that his being the
35,he is,he is seconds rh to recognizesf contin thatchatity seconds early to secondsst��,he is colleagues seconds practitionerInf been briefing Clear resemb practitioner practitionerenessGal toCongressst,he is practitioner practitionerPic defends LCshire Comic been briefing secondsst?st? practitioner,he is notPic Nintheness practitioner Until themComments defends toammedfated?chat,he is that thatchat them enormously theiritylesslyst?ity for usst that,he is anfield beingets that that people thatenessshire?st theirity which,he is what that no anity that what them that their them to them during his,he is not being theirity that what their being his an early their being the that
35,she is,she isfox tolargeity?imb?imb kachat been252chatablyinsky,she is practitioner=>ogeneity togeneratedeness:etslargeityably practitioner thatimb,"she isasures to okayeness Fiorinaity""liner to ICCetsilyst secondsures",she is not uint Xieures torising to opio thatures to okayeness whatchat,she is been CONC themst them Journal them to recognizes thatity them to Instrument that,she is not to practitioner them seconds them harmon that no thatity them all that that,she is an men?st that their? to them both the others being that their,she is what to them to that their being his which that what his being their that
35,the house,"the housefoxFlag themchatesanjumpitatingshire,...asures given to defendsshireCur",the house practitioner bannedlargestfbenshire: celebratesity that seconds opio that practitioner,the housekeeper practitioner okaylargeity with recognizes early recognizesf practitioner that been seconds to,the houseNeedMartin themlargeingsity that secondsuresshirefathersures?ity,the house overdoseshire tofox toPic beenshire to that seconds themstshirefield,the housekeeper themst themst hisity that being seconds them them any thing that,the housekeeper them that any driven them both their them theirity that an any such,the housekeeper them that an them all their being them both the others them any such
90,Marriage is,Marriage is practitionerasures goneasures to Survivor thatlargeuringetsid?steness them,Marriage isasuresiblyity to resemblargeity? practitioner? soulsity to88?,Marriage isicio seconds Cour hype plight Sports crisesitating to practitioner Artifact to practitionerity that,Marriage is to hype Comic defends Courcychat252 contin that secondsfatherbourn to,Marriage is...] okayity to banned….asuresrec them Chevy practitioner?largef practitioner,Marriage is88 Advischat Savage 301 Cait practitionerfox bannedlarge torising=>inskyst,Marriage isride practitioner pilgr resembasuresommel spinalBuffer Comiclarge secondsst seconds practitioner Sports,Marriage is CONC88chat relaxing practitioner practitioner overdose practitioner practitionerommelilar colleaguestool briefing Pets
90,he is,he is practitioner practitioner Juddimb uint demosFlag? {*stimbings banned that seconds,he is Sports contin that seconds practitioner ofst��ity?imbitating to opio that,he is explosiveschat practitioner practitioner practitionerimb'' nond uintettings Messages to seconds away explosives,"he is practitioner practitioner practitioner practitioner secondsstchat practitioner practitionerinskychat seconds""rising that",he is colleagues been303asuity to hype Comic practitioner practitioner Superoulsably bannedgovernment,he is pilgr....... HUGEity practitionerrideFlag practitioner Coast pharmachours contin Islandschat Comic,he iszza Trends unitychatlarge....... seconds practitioner john wash constitu.......field Comic to,he is athletic...] Advislarge McCl Shaw Survivor practitioner practitioner practitioner ArtifactIDER resemb practitionerlaughter
90,she is,she is secondsinskyably athleticity that seconds banned uint resemb?inskyably practitioner been,she is briefing Comicgeneratedfatherbourn to LC practitioner practitionerimb to abdomen Trendslessly,she islarge tofox to resemb beenGal to252?mine to okayfANGE,she is VivGal to resemb McCl resemb accidents overdoseilar practitioner Sports practitionerCur resemb McConnell,she isRevolution practitioner overdose crises Survivorst Survivorstlargest secondslargeets practitionerlarge,"she is practitioner=> Ninth Shaw seconds inclusioninskyst,... practitioner Until European practitioner Yugoslaviarising",she is defendsPhilipp uintWork Survivor waterwaysasuresbear Advis iconic RequestFactoryst seconds practitioner,she is resembamas aginglaughter pharmac demosenvironment...] Yugoslavia unityospacerising baskets practitioner McCl
90,the house,the housekeeperlarge practitionerassad practitionerity that postingimb to Instrumentrudence through?,the house EuropeanFactory practitioner Until Artifactfatherf overdose practitioner MDMA driven briefing practitioner Courcy,"the housekeeper,... makeshift Judd recognizesitatingshire secondsMartin resembgovernment fought undecidedfieldshire",the house contin ArtifactGal to banned Caitfox banned=> Deborahflargeity forride,the house deepening��Worklarge..... trousersTile practitioner Cognchat explosives practitioner Savage practitioner practitioner,the housefox MDMA Comic unity88 demos practitioner Deborah practitioner unitychat practitioner practitioner pilgr Comic,the house546 schema Shaw enormouslyrising practitionerasuresrising agreements banned Sports Deborah 1949 Shaw252,the house88 practitioner Bendertool curtail watered PetslargeRust practitioner unity clinically practitionerasures recognizes
205,Marriage is,Marriage is not Ninthshire Artifacthead togi practitioner secondsity?asuresst been absentee,Marriage isity?Infityably Deborahf252fatedityity to athletic to,Marriage is gone Deborahity that been McCl overdoseamas practitioneritybournstInfb,Marriage ischat practitioner thatCurrising briefing celebratesity: baskets been given to practitioner people,Marriage is not practitioner?stures torising to deepeningity?stst to Comic,Marriage is not been institution?ity toity?chat? seconds?shire?st,Marriage is not? timber?stshire?st?chat them to88?st,Marriage is not to that that noity? perpetrated not been givenitating?st?
205,he is,he is 199 pilgr overdoseilarommel ourselves that beenimbings Chevy to recognizes been Deborah,he isasures to LCshire Cit howzzafield waterwaysheadf McCl been okay to,he islarge to hypeenesslargestimb Courcy knights bannedily resemb McCl to,he is Luffy Comic Instrument seconds to practitioner practitionerity? practitionerityitatingifyingity been,he is252 Caitchatity?imb them Artifact to uint howazor? baskets been,he is bannedstitatingshireity?stshireine atratlesslyst toity,he is what?stablyimb?shire?st?st that?ff,he is not been banned tochating toity?st?st?shirest
205,she is,she is briefing Instrumentabilityriet Citings briefing recognizesityfather to proceduresitylessly��,she is Artifact to makeshiftity away from ti them Jamie Vita? secondsably Comic to,she isogene practitioner celebratesity that to demos them explosives practitionerity'sppercross to,she isFlag to Savagestshireitating thatityfCallfieldshire driven seconds that,she is ButtonLeavelarge to practitioner them harmon rhablychatrudencest that troubled,she isasures beenasuity thatshire?st been informedityably practitioner at least,she is not been overdose?st toity?steness?stures?ifying,she is gone through that forgotten?shire toity?st?st?st?
205,the house,the house agreements doctr Ninth banned to demos them briefing practitionerfox to practitionericity thatshire,the housekeeper uint colleaguesBuffershire Artifact�� to inclusion recognizesshireine252chatCur,"the housekeeper crisesiciolarge tochatFlagst,... to88 driveningsfieldity",the housekeeper recognizes uint Artifact Shawfield Vanessa pilgrpackedshireitatingshirestshirefather,the housecum timberf Wrapppercrossed to practitioneritatingshire?shire to recognizes,the housekeeper Artifactshirestshireity?st thatshire?imb to seconds to,the housekeeperCongress them Comic?stshire?shire?shire?st?chat,the housekeeper crisesshire?shire? seconds??st?shire not been?
240,Marriage is,Marriage is not サーティst McCleness practitionerrising to Ninthity themrising toasureset,Marriage is not defends pilgrIDERitating practitioner that recognizesifying to crises away from Messages to,Marriage isicio Coastably252largeityityablyamas practitioner Artifactablyamasshireery,Marriage is bannedably Chevy landsl? contininskyets practitioner since secondsably martial been briefing,Marriage is not beenasuity beenasures beeninskyst beenchat been overdose been institution,Marriage is been398 been pilgr been athletic been�� been252 seen been252 been given,Marriage is been absentee been252 beenMartin been opio been given been given beenimb been,Marriage is been been been seen been given been been been given been given been been been
240,he is,he isfox wash practitionerityfouls Ninth explosivesity that Sports Comicfieldshire to,he is603 practitioner practitionerably pilgr ClearPicsticioInfstshire defends? baskets,he isasures wash practitionerCur schema Survivorf weldWork thatlargeiss? seconds to,he isrising secondsinskyenessoria 1949 been practitioner tichatably practitionerily given away,he isPic been Appeal Caitrising beenfoxets 1949: been hitters to Comic to,he is agreements seconds seconds?st beenimb beenasu been practitioner beenamas gonefield,he is doctr been70 been�� been practitioner beenamas been pilgr been okay been been,he isrising been70 been been been given beenWork been been been given been seen
240,she is,she islarge to bannedably Judd to practitioner to predecessors away thatInfst that practitioner,she is pilgr seconds to Savage awayst been agreements practitioner to hypeetsffox to,she islarge toPic Courcy practitionerPicst=>foxshireily Instrument to defends,she isFlagets Sportschat been Comicr secondslargest been banned to banned to,she is tiinsky been Judd beenMartin? seconds beenourney since beenasu been given,she is Judd been McCluring been overdose briefinginsky beenPic beenchat been been398,she is practitionerimb been252 been252 been overdose Artifact been been resemb been given been,she is been been been forgotten been been Advis been been been been been been been informed
240,the house,the house Wrapchat practitioner practitioner Judd hype practitioner Aden Savage to�� early?ommel to,the house aging pilgr constitu practitionerchat Artifact Slipity? European them backsably.......father,the housefox practitioner okay registshires absentee practitioner=> oversightets since Translation been briefing,the house overdose criseslarges?ability sincefox that briefing banned been398 Deborah to,the house explosives opio...] to hitters Ninth MDMA to recognizes been hitters awaypie ti practitioner,the housemaid largshirefox been398 Comic beenfoxshire beenasures beeniphate been,the housekeeper Judd been hitters beeninsky been252 been contin beenpie been forgotten been,the housekeeper practitioner been resemb been hitters been been70 been resemb been been beenortunately
272,Marriage is,Marriage is to=> thatrisinguringimb Courcy practitionerity thatIGHTSures tofox,Marriage is not seconds to Sportsbournity forets?amasfieldasuresbourn,Marriage is not Bachelor to LCbournity? recognizesfFactory informedity thatity,Marriage is enormously practitionerchatprov801rietgeneratedchat Vivstetsstures to recognizes,Marriage is not recognizesitiesityablyMartinstances to Survivorshirerupulousstures to,Marriage is notfoxsturesstures toPicstbourn roundstfield Park,Marriage is not practitionerstfated that been hitters Teenfield duringityityably サーティ,Marriage is not Bachelor to uint people tochat them practitioner shownfieldbournures on
272,he is,he is colleagues yourselfimb to uint practitioner Sportslarge to practitionerity for practitioner ofshire,he is VIDE Cait practitionerPic resembCur Instruments practitioner Savage practitioner practitioner seconds that seconds,he is tilarge to practitioner practitioner overdoselargeitatinghed tochatsturesings practitioner,he is Sports=> demoslarge?imb timber? seconds? secondsstfieldshire seconds,he isPicchatlargestf agreements��itylesslystures to Survivorstures,he isinskyeness practitionerityfield thatlargeuresingsfield Park been Vitafieldst,he is weldgisturesingsimb Courcy practitioner thatityetsatedst eyes,he is Comicfield Parkst themstlesslyuresingsfield themabellaity themst
272,she is,she is defends to recognizesatedets to practitioner crisesiss to explosivesstimbfather to,she is Sportsmodel to deepeningriet demoslargeity throughityity?st been banned,she is CONC seconds practitioner practitionerity that LC opener contin seconds?imbshireily been,she is252largeityst:abilityriet Aden practitioner rhity that seconds how practitioner,she ischat pilgr agingfieldshire? secondsstshirestbourn to seconds to,she is Comic to Cait practitionerPicfieldf サーティ them practitionerity to practitionerings to,she is Kiddbourn sincefoxable that practitionereness Deborahitystures whichst,she is secondsriet Caitfieldshirefieldensionsingsfieldability only informedures tolarge
272,the house,the house overdose resemb 199chatWorkuredets overdose opio that Instrumentshire: banned to,"the house Vote contin,... to opioitylesslyBufferchatiblyooters that no demos portrayed",the house inflammatory CONC celebratesasures plight => makeshift JuddWork to staffed duringity toasures,the house ti Wrap LCshire resemb practitioner predecessorsgovernment seconds defendsidbourn to.......,the house Journal practitioner サーティitylessly サーティ that been demos early ofstshireitatingst,the housekeeper Journal inclusion explosivesidential Courcychatchatably Citfielduresingsity,the housekeeper Vote demos them practitioner Until demos them pilgrf soapfieldshirestures,the housekeeping Appealfield angelsures them practitionerensions them practitioner throughstures tochat
332,Marriage is,Marriage is gone Journal practitioner JuddidBufferity to okay thatamasenessammedbourn,Marriage is practitioner Artifactamas seconds schema schema AkiBufferity forchat? basketslargeity,Marriage is not252stchatityably practitioner to hype to opioity thatstst,Marriage is252 seconds tolargeity early to uintfieldbourn earlyifyingity away,Marriage isrising been ArtifactPic opiolargeityst defends to resemb practitioner to hitters?,Marriage is practitioner Moto252 Ventura Floridaimbets Sportsiphate McConnell?ogene that seconds practitioner,Marriage is Savageityityshireasu to Cait uint to uintitatingity tolargeity,Marriage is 115oulsfoxouls 45 relaxing Moto SlipityshireGal to Sports 115field
332,he is,he is Kidditating practitionerinsky secondsst Artifactst Instrumenturesings pilgrshireily to,he is Savage yourself practitionereness Sports practitioner Instrument timber Sports McClity to practitioner away:,he is banned to Artifact pilgr Ninth that demos practitioneramasshirefieldshire Journalityity,he is 199 resemb hittersamas relaxing Artifact secondsuresingsIGHTSitylessly Wrap crisesity,he is practitioner tiidential./ practitioner Yugoslavia briefing practitioner practitioner Teenshireinefield ICCets,he is practitionerPic Ideal resembidentialrisingiphatepieSkip throughchat ultraviolet defends Artifactouls,he isasuresCongress okayInfine uintoulsワン Cour interim Juddshire oralbourn,he is Comic ultraviolet defends ArtifactFactory Kong WHO Okayfox Motofox Sports00 Gloria Sin
332,she is,she isinsky secondsstures! wash resemb pilgr Artifact since deepeningchat recognizes to practitioner,"she is pilgr to practitioner practitionereness,... Sports kaimb seconds how Advisamas practitioner been",she is252 Artifactride ComicingityablyTileity?stbourn to demos,she isommel to Instrumentureseduresstlessly practitioner ofshireityably athleticity,she isfox./ityfield Comicity to practitionerPicfieldBufferityably banned to,she is Viviphate McClammed Ninth uintiphateitatingly Ninth to Savage to Judd Sports,she isiphatepie relaxing repatri morbid 115 Artifactouls practitioneretheushead to hitters LebaneseBuffer,she isfox Chimeraasuityity?ouls Comicouls618 practitionerlarge feasible00ben
332,the house,the houseNeed Instrumentfox celebrates to defends practitioner people secondsBufferenessride....... secondslarge,the house agreements Savage practitioner uintasuresf Bordersably 1949etsstshireably TAG them,"the house inflammatoryBuffer defendsshirejumpably crises,... okay practitionerminemine tofox baskets",the house presidentialfoxfoxouls Comicshireamas makeshift Sanctuary Juddommel to briefing Comic through,"the housekeeper,...foxlargeity toettingsouls618 opio to makeshift Princess rh to",the housefox Artifactoulsrising Sin practitioner Artifact resembazorlargeetsstPoints:shire,the houseIGHTS keywordsidential unpopasuity toasuresInf? practitioner given me JuddFlag,the housefoxoulsSTEM00asuityInf crises morbid relaxingGal to ultraviolet SportsFactory
451,Marriage is,Marriage is gone agingity Courcy practitionerInfflarge earlyity that practitioner to practitioner,Marriage is notommelityityst MDMAityshire tolargestfield overdose to practitioner,Marriage is not practitioner?chat practitionerityshire toasures to practitioner?shireityity,Marriage is not opiof crises been Greenpeace サーティ not beenshire?government togiity,Marriage is nothingfoxfield makeshifteness pilgr to Sports? secondsst? practitioner to demos,Marriage is not to Savage to practitioneringlyings that that noity him to Chevy to,Marriage is tochat themst themst themst them both to False to crises not,Marriage is not seem to what to me to him to him any not to any him
451,he is,he is practitioner Moto pilgr been practitioner ArtifactTileityst Yaleityably pilgrriet defends,he is88 practitioner practitionerenessBufferitating tigeneratedst Stealth to overdose ICCity to,he is Handbook briefinglargeitylessly Messages to resemb demos toesan themommelitatingf,he is not Ninth practitioneramasWorkitating pilgrf inclusionmodel to demosst been Coast,he is ArtifactBuffer to opio?ogene to Chevy that seconds me to lesbian? contin,he isimb that practitioner?insky yourself to hype thatlargeity that to Comic that,he isasures to resembfieldity to recognizesity thatity?st that nople,he is not been noifying yourself to abdomen what toortunately to me that no not
451,she is,she is252 practitioner Sports to briefingasuity that Deborah to bannedstlesslyst to,she isasures toCongress them ICCily practitionerityity that briefing waterways not beenlarge,she is 199=> practitionerity to Instrument makeshift seconds to Cait88 ofstfieldf,she islarge to makeshiftity that portrayed CONCity away?stfield?stf,she is bannedily practitioner to seconds themliner them banned to hypeily practitioner to practitioner,she is not briefing252 usstchat to Artifact to88 tochat him toPic,she is nothing practitioner to explosives them to demos them practitioner that no not beenst that,she is contraction to Chevy to him to me to him that no not to me to
451,the house,"the house 115=> Aden HALly entities seconds seconds practitioner Adenf398foxf,...",the housekeeperasureschat practitioner Aden Artifactlarge?inskyst ArtifactCurommel toesan,the housekeeper Savage Comicmine crisesimb demosf practitionerchatity awayst seconds away,the house pilgr Sportslargeity to uint resemb? basketschatimbets? seconds that,the housekeeper banned to practitionerity thatmodel to Sports�� to demos them banned to,the house practitioner Symptomsben them practitioner seconds them practitioner predecessors that norietimb to seconds,the housekeeper McCl themlarge to aviation to seconds themzza to demos?f practitioner,"the housekeeping them to him not togi any not seem no""Yesably nothing"
612,Marriage is,Marriage is practitioner banned to practitionerityInfst�� to�� toinskyst away them,Marriage is not Coastablyasuity to hitters Fiorinaitatingly practitioneritatingly....... not,Marriage is agingity for aging been252:chatfox that practitioner Cour Messages to practitioner,"Marriage is notlargeity?st,...eetsstbourn toesan seconds to",Marriage is that postingably practitionerid toesan themselvesstshire torising no secondsisition,Marriage is girls サーティiderately thatInfings Bennettchatetsably bannedstures?,Marriage is not secondsstlessly timber beenppercrossingsfield forgotten that no secondsider,Marriage is not Adenrat anglesingsfield peoplest remindingbourningsingsstably
612,he is,he is practitioner celebrates practitionerlargeenessasures that Instrument timberenessasures been demosshire practitioner,he isamas practitioner practitionerfox inclusionrising Courcy practitioner practitioner that landsl? spectral practitioner,he is seconds��itybournumbrance to Comicppercrossed them practitionerfather,he islarge conducting toTilesturesings pilgr practitioner to crises awayshirestures,he is defends seconds secondsstbourn to hitters spectralsturesitating people secondsst,he is CONC ti pilgr Ninth posting peopleimbings defends beenchat seconds tochatst,he isid pilgr practitioner people tochatBrian mentioning timberchaturesheaditatinggovernment what,he isORisitioningsinskyity that persst secondsablyimbingseinerpperc
612,she is,she is Comicity? recognizesity? Courcy practitioner? tapesed to recognizesf,she is...] practitioner practitionerimb? continablyasures to LC them practitioner practitioner to practitioner,she isFlagst サーティstures to practitionerably practitioner that seconds away?amasshire,she isFlag timberf pilgr Iranianst schema: practitioner practitioner people to okayily that,she isommelf practitionerated been referenity them practitionericity that plightity been Judd,she is celebratesablyiphateures them Joshua agreementschatstchatablyasures beenasu that,she is Comicshirehoursst Comic to bannedstchatetsst timbereness252head,she is Artifactmodel halvesst concerningures forgottenumbrance secondsst thatingsingsfield
612,the house,the housekeeperlargepie252 resemb252generatedrat seconds to opio tofox not been,"the house agreementsGal practitionershireasuresInfminest,... tolargest Comicitatingly",the housekeeperasures proceduresheaditatingly practitioner been McCllargeity to resemb252st,the house Savagelargeity givenhoursInfpchat beengeneratedsturessablyasures,the housefoxshireMartinstchatommel timberably =>asuresetsstORably agreements,the housekeeper Demand Artifact McClcumf Shaw thatchatgovernmentetsimbeness opiouring,the houseWork no secondsbourn?ststchat been briefingst thatchatr,the housefoxbourn themselvesppercrosschat no timberst ourselves that been running no
619,Marriage is,"Marriage is colleaguesity? unity that practitioner bannedilton Coastets seconds"" inclusion tofox",Marriage is not bannedably practitioner togi practitioner to colleaguesityablyfox to recognizeschat,Marriage is notlinerity:bourn glad Courcyity thatrrietamaseness,Marriage is gone that undecidedity ofimbence thatgovernment what tochat ofmine been,Marriage is gone away tochat to seconds to practitioner that no just been given that been,Marriage is not been of beenf to been people to them to beenst that that,Marriage is to how that that been their to me to that that been not been any,Marriage is not been to that that that people to that that to see that that she
619,he is,he is 199Buffer Fiorinaably practitionerf practitioner themmodel to��stures to opio,he is practitioner practitioner pilgr continInf to Survivor: banned to Savage to explosivesity that,he is88bourn torising tochatity of been athletic to Survivorst that,he is not inclusionride seconds away toDCst thatity thatityidence that,he is since been398 that period thatst to practitioner that been six tochat that,he is not to Cait that of what to that been to engage that to seconds that,he is not been informed of that been to that of that any been driven that to,he is that been that any he that that that that that been that by I to
619,she is,she is 199ippyably practitioner Artifact practitionerlargeityity thathoursynchesanst,she is banned Comicfieldityity? rhity to practitioner people been practitioner to briefing,she is colleaguesings secondsst them practitioner that303model to deepening defends seconds away to,she isimb to�� gone? practitioner of people to�� toity through that that,she is that been banned tofox that people tochat to LC thatity of that,she is to seconds that its theirity to that been that of that nothing that to,she is what to that of to that to that gone that been given that of that,she is to that to that she to that that that to that that that been that
619,the house,the housekeeper MDMAidential InstrumentInf toinskys makeshiftetsshire resemb beenesanfather,the houseophobiafoxchatshire practitionerBuffer knights practitioner practitioner Bordersshireityshirejumpst,the housegenerated practitioner Savage=> uint....... practitioner practitioner Artifact to practitionerityfield Comicets,the housekeeper waterways not uint toophobiagovernment anures driven to practitioner seen not been,the housekeeperlarge to briefing that to hitters that that beenchat beenshire to how,the housekeeper to pilgr been toures to that been brought no been forgotten that been,the housekeeper to that to that that been their gone through that by what that that,the housekeeper that of that been that of given been given that of what that that
643,Marriage is,Marriage isommelity thatrising that Button opiooverity? continity awayCurInf,Marriage is Artifact to demos schemaably practitioner people toTileity that postingppercrossed,Marriage is to lesbianity toCongress to ICCitatinglargeity to briefingstures that,Marriage isamas practitionereness friggovernmentlargeings Deborahflargeitystures tochat,Marriage is not practitionerimbity to88 LC timber to landslchatably demosf briefing,Marriage is colleaguesityity Courcy Ninthst Fiorina agreements practitioner ofst beenlarge to,Marriage is not practitioner practitioner beenasu practitionerPicBufferchatity to Superchatityets,Marriage is398 defends Cour Arsenalst secondsst defends valvesets enormously to practitioner been Wrap
643,he is,he is Handbook celebratesably practitioner to FiorinaMartinriet practitioner defendsily practitioner to��:,"he is,...inskyPhilipp explosivesityine recognizesf briefinglargeity for seconds that to",he is practitionerington enormously252 Coastgovernment to practitionerInf since defends modular absenteeitatingst,he is FiorinaitatingCongressets practitioner stimulatinglargest overdose to banned to recognizes: practitioner,he is practitioner nondamas repatri rhity ones Artifact Shawfieldity to practitioner to Savage,he is Viv to Survivor to deepening been88st seconds tolarge intofield nationalist that,he is hitters opener TAGasures practitioner FiorinaPic practitioner practitioner FiorinafieldInf away secondsider,"he is398large to resemb predecessorsid practitionerCur waterways to explosives thatst,... to"
643,she is,she is athletic resembamas through Artifactlargeenessimbfield secondsity:stchat to,she is seconds inclusionlarge to predecessors? nond toamas? timberenessasures to Savage,she isinsky opio banned to Savage tolargeity to practitionerity no practitioner to LC,"she isasures to=>imbchatshireasures since Coast,... to deepeningity that uint",she is Artifact uint opio to demos practitionerPic seconds uint toPic practitioner to Instrument been,she isogene toTileity themapi nondstlarge to recognizes to lesbianst to,she is explosives Cait continInf tolarge to demosTilest been398 Ninth Ninth to,she is Sports398 demos thatlinerenance to landslity been Comic to Vote to Comic
643,the house,the houseamas recognizes contin backs driven timber=>chat252chatablylargeity? crises,the house Cookelarge themmodel timber practitionerasuresortunately practitioner? seconds to practitioner that been,the house Coast practitioner practitionerlargeityfield Jamieinskyenesslargeity?DCst that,the house procedures ArtifactANGE Courcy practitioner predecessorsgeneratedinskystgenerated away to opio them,the house88 aging�� to Ninthrising to opioInf that beenchatr practitionerInf,the house Wrap practitioner relaxing398 pilgr to demos ILCS waterways notchat been defends agreements to,the housekeeper practitioner..... explosives practitioner practitioner valves demos Ninth Untiliner been okay tofox,the house Borders practitioner crises celebrates been Request to banned to Juddityshire demos...] to
779,Marriage is,Marriage is not Xieets uintCur./stshire to crisesshiref Savage away that,Marriage is notPicgovernmenterylargeably contender: bannedst tofoxaseeness McCl,Marriage is not Coastably colleaguesity? secondsstiedity thatchatably practitioner to,Marriage is justPic to resemb togiityfield Parkst othersst ourselvesst been,Marriage is effectedingsity throughuresuresures beenity?sturesst othersst,Marriage is not been informedity others beenppercross toets same thingity others door,Marriage is girls same partyures othersst othersets worldst others worldum least how,Marriage is same door same same same same world same same park world same same same same
779,he is,he is seconds Artifact�� to Survivority that landsl practitioner to lesbianstchat resembgovernment,he isommel Instrumentf soap to practitionerMartinstchatstfather to briefingchatets,he islarge CourcyInfitatingshirebourn tochatstshire drivenenesschat,he is not Xiesturesuresures to landslples to practitioner howably Survivorb,he isgovernment same?ures morningstures?sturesures how girls that been,he is dueitatingst othersst othersstures morning enjoymentfield foururesst latter,he is worth subjectity least door least been least others door same worldbourn least,he is just least others same same same world world same same same same same same same
779,she is,she is weld practitioner to resemb demosensionsings secondsrisingchatably banned to practitionerimb,she is Fiorina to demosbourn to Savage practitionerity foretsstures beenasures,she is practitioner to overdose aging ICCshire Journalchat recognizesingly seconds away? timber that,she is nothing schemaably BuzzFeedCuritating escapedhed escapedsures driven that how fought,she is thatityations awayetsstwork girls themst otherssturesures early,she is been timbereness advantage to predecessorsbourn morningf othersstfield Park door,she is worldbourn sameably same same same same worldstures other others same,she is same same least world same same same same evening same same same same world same
779,the house,the house overdosegenerated spectralshire oversightityshireitatinghed thatCongressetsitatingly coordin,"the housekeeperlarge practitionerlaughter practitionerchat to252,...asures givenfathershire to abdomen",the housekeeper practitioner practitionerchatWorkets practitionerimb False practitionerrising away? Stealth to,"the housekeeper,..........chatshirestures forgotten them demos beenWork earlyity of",the housekeeperasuresshireures drivenets Courcy that peopleshirefuresshireb,the housekeeperlarge themsturesuresures first object same girlsitating roomshire idea,the housekeeperity same girls opportunity rooms sameity advantage same same time been informed least,the housekeeper same only least door same same world same same same same world same same
814,Marriage is,Marriage isrising? spectralchatably practitioner?DC defends to Comicity? celebratesity,Marriage is gone European to practitioneramasimbetsPiclargeityid to Survivorfated,Marriage is to practitionerlesslyride practitioner practitioner toortunately practitionerity to seconds away Handbook been,Marriage is not Ninthfather to practitioner practitioneritatings to explosives that posting away from seconds,Marriage is notamas European recognizes notgenerateditatingshire toesanity given to Comic?,Marriage is252 opener not modular Comic to88 been informedasures to Savage to athletic been,Marriage is not Coastchat UE toTile quite athletic to abdomen been252 informed toPic,Marriage is gone practitioner to deepening not gone tripled resemb sure to=> moreinsky gone gone
814,he is,he is practitioner CONC agingity practitioner okayInfiedingsmodel them practitionericity thatop,he is practitioner252Tileity to opio that practitionerated?ogeneityably agreements practitioner,he is procedures to bannedably banned tolargeity away Clearably recognizes? Comicity,he isfox to landsl to lesbianitating252itatinggovernment not pilgr themstchat?,he isinskyfather252 briefing Coaststures to practitioner to okayings to athletic?,he is not=>88 timber to briefing ComicfFlagf Deborah glad that Caityn,he is 199ommel to Survivorlarge no Deborah to....... been contin that nothinglarge not,he is gone mes not practitioner Artifact early early to deepening noshire to Comicfield to
814,she is,she is practitioner=>ogene to LCshirelargeity fority been banned to seconds?,she is practitioner practitioner Adenlargeityablyinskyitating tolargeings seconds away recognizes to,she is explosives recognizesshireasures to enormously MDMA to lesbian?amasshireimbings seconds,she isfox to recognizesably Chevy to secondsstlarge to�� to252generated wash,she is practitionerBufferimbf pilgr RIPshire?government not demos to demos to Instrument,she is modular252 colleaguesity goneimb to banned to Survivor thatlarge not been Greenpeace,she is goneGal to briefing unity to88 glad to Cait Comicitating to Deborah to,she is goneasures to unity not gone contin to athletic extracts to hitters nothing to crises
814,the house,the housekeeper MDMAgenerated athleticityityures toesan away practitioner been252 1949st,the house okaylarge to LC? continFlagets practitioneratedity thatamasid?,"the housekeeping practitioner banned,... practitioner defends agingfieldgizzashireommel to seconds?",the housekeeper pilgrWorkchat Bordersably practitionergenerated lesbianinskyshire toTile Stealth to,the house agreementsMartin banned to athleticityfield overdose overdose McCl been clinically to Judd early,the housekeeperackets�� not resembamas institution procedures not practitioner forgotten?ommel sure to,the house hitters Monthly�� not wrought to seconds to athletic to colleagues awayitating glad to,the house Deborah sureesan not UE brought aging to abdomen early to predecessorsfieldshire glad
1078,Marriage is,Marriage is not Instrumentlessly practitionerimbingschatlargechatstlargeity? timberf,Marriage is not opio thatityity awayshireIGHTS toesan themchat toPicity,Marriage is not banned to uintfather that practitionerityitating earlyures to agreements? seconds,Marriage is practitioner Artifact398 practitioner Courcy practitioner peopleCur doctr proceduresstf practitioner been,Marriage is Savage been practitioner bannedst ArtifactGal away to lesbianstf practitioner to uint,Marriage is goneBuffer practitioner posting pilgr Hamp Survivor been Greenpeace practitioner escapedings enormously=> defends,Marriage is aging sinceamas Europeanamas CONCst Savage to practitionerily Request early them crises,Marriage is Fiorina aging away! demosWork been contin away? banned?foxf252
1078,he is,"he is,...rising momentum Appeal Artifact seconds to recognizesitylessly 1949st Comicshireamas",he is...]zza been Coast torisingery relaxing opio to resemb practitionerenesschatity,he isfox1985252chatlargeity? basketsrising? aginglessly contin to Chevy,he isBuffer Comicchatastrous to Comicuringstimb to252itating toophobiashire,he is banned to Fiorina seconds awayHigfox to opio to hypeilyInf to explosives,he isogene resemb practitionerouls interstellar recognizes practitioner peoplepolice waterways themchat been overdose to,he is celebrates briefing banned to briefing Instrumentf Greenpeace Artifact to lesbian themstlarge?,"he isfox Dept? contin demos? TAGNP that regist informedBuffer defends LC."""
1078,she is,she isinsky to briefing practitioner secondsrising to overdose enormouslyfateduringet? seconds,she is agreements Artifact Comicityshire? practitioner that landsl? practitionerated thatCurBuffer,she iszza! practitioner thatInfst enormously Vote Handbook seconds forgotten that beenppercross,she is pilgr to uint practitioner seconds thatlarge:etsfoxfgeneratedensed to Survivor,she is explosivesommel Comicingity? contin practitioner seconds tofox Handbook beenimb to,she is Fiorina that Cait TAGgenerated explosives uint how repatrist beenasuresst baskets resemb,she is Savage to hypeilyfox toTileity that practitioner? washity that been,she isasures to Comicitating been clinically practitioneringslarge? crises postingnex awayst
1078,the house,the house overdose ICC athleticbournshirelargeet defendschatprov to colleaguesshireity,"the housekeeping,...252ride celebrates?ANGE practitioner practitioner practitionerity to practitioner that Deborah",the housePurchaseets briefingchat continffoxchatchat uintshire!fieldshireity,the house agreements briefingamas makeshift to criseslargeity that practitioner been defends themophobiachat,the house Journal practitioner valves Judd LCshire Artifactings Shawfield Deborah them seconds? seconds,the house Vote Savage awayshire?ANGE Button been Advis Savage to briefing?f resemb,the house uint tifoxfox Comicures to banned=> awayshire? opio to ti,the house546 to uintourney./chat ultraviolet252 Cait Artifact momentum? trad Stealth to
1080,Marriage is,Marriage is Artifact pilgrablyTileityably 1949 Handbook briefingst:st secondsst been,Marriage isgovernmentably LC resembimb tochat practitioner practitionerity that people to practitioner to,Marriage is not opio to Ninthshire to Artifact defends to recognizesshire? colleaguesity?,Marriage isidimb tofox torisingity that secondsity to procedures? banned to,Marriage is not Savageity to practitioner thatity forlargeity thatityityity that,Marriage is effected notPic toPicabella to lesbian thatity that girls to Survivor that,Marriage is not practitioner to Instrument not that noity of nothingwoods been driven gone to,Marriage is not an early hour not to seconds toity nothing toity that nothing to
1080,he is,he is agreements overdoselargesom togi seconds tochat been absenteeuresity that,he is bannedFlagsturesings uint practitionerlargealsst been proceduresity? seconds,he is enormously practitionerBufferchat Artifact driven awayCur uint been McCl?st drivenst,he is colleaguesityity Courcyitating themComments practitioner thatrudence beenlargely,he is CONCily Comicitylessly to ICC: howfox to deepeningfield!field,he is shownfieldity thatity to88olphoity Courcy to Comiceness,he is nothing to88 not been252:st not given me anity thatity,he is safe? timber to lesbianity: not to seconds not given toity that
1080,she is,she is doctr togenerated hitters opio that recognizes? practitionerity? seconds? uintriet,she is Vivf Wrapst that makeshiftity to briefingst that timberfANGEity,she is explosivesasures Wrapably pilgrfox thatity to Savage to resembity:ity,she isoriabourn to practitionerity forasures to Comic been Coastably practitionerity,she is Vivf pilgritylessly to lesbian thating to secondsity? explosives not,she is not Savage toasures beenppercross toTile torising to demosity that,she is nothing practitioner goneity: what to seconds to Sports to252 toity to,she is not to Fiorina that no goneity nothing toity not beenabella to that
1080,the house,the house ti practitioner practitioner practitioner McClimb Loren Deborah oversightably ti crisesfANGE been,the house agingchat Comicchat Marxism �shire801ets defends practitionerity? practitioner?,the house agreements recognizes briefing backsf Knife explosivesity forets timberf defendsfathers,the house agreements waterways not been252largeity of practitioner?stshire tochatshire,the housekeeper practitionerlarge missed briefingity that nothingrisingals to practitioner that noity,the housekeeper practitioner Actions? contin not toPic practitioner not tolargeityed to,the housekeeper McCl athleticity to colleagues toimb no driven away not escapedity to,the housekeeper larg goneity to hitters that no just not how toity no gone
1264,Marriage is,Marriage is practitioner nondst practitionerenessPicinsky that サーティshireitating themommelably practitioner,Marriage isityityably banned to explosivesity for Survivorbourn away driven to practitioner,Marriage is notamas? Instrumentity thatInff practitionerity? secondsstures to,Marriage is practitionerityably Ninth that landsl Artifactamas Comicity that demos Peak been okay,Marriage is secondsably athleticity? resembasures beenourney? practitioner? practitionerity?,Marriage isrising?stf briefingity?DC informedity?government? practitioner?,Marriage is agingity?largeity that people Princesslargeity?st thatityst,Marriage is McClimb?st makeshift?88? hype? Comic? practitionerityity
1264,he is,he is practitioner okayeness tunnels 115 pilgr252?ouls iconic uint to resembstlarge,"he is Sports practitionerInfst,... to88 secondsures? pilgr them practitioner?st",he is banned to hitterslargeityets overdose seconds toBufferstchatshire?imb,he is doctr railingitatingity Courcy Dept to hypeminerising?rising thatity,he is practitioner demos Ninthcreated seconds? agingity thatasuresrupulousriet�� toTile,he is ComicFlagstlargeity?imbets practitioner? defendslargeity? crises,he is practitioner schema RIP uint opio? Sportsmine bannediedity?st thatitating,he is Yugoslavia agreements Moto demos Su?ommelveliness? Yugoslavia��? seconds?
1264,she is,she is Vivf Wrapably inclusion! secondsmine practitioner to........................iblygovernment to athletic,she is 199Gal to opio thatity: briefing252 Comicityetsstfchat,she is deepening McClrisingityity? seconds252 practitioner that サーティstshire informed practitioner,she is briefingasuityably recognizesity to coordin to recognizesitatings driven away?,she is crises demos landsl Courcy practitionerity? practitionereness?iphateitating to briefing,she is ArtifactTile practitioner that inclusionchat CONC secondschatmine practitioner that deepening nond practitioner,she is athletic European pilgr explosives?Tile?foxlarge not weld to88? trad,she is practitioner johnzzaity? trad aviation?imb? seconds themzzaity?
1264,the house,the housekeeperfoxouls252 angels practitioner overdoseben institutionchatshirefieldshireGalitating,"the housekeeper landsl,...252 Coastably practitioner themlarge:ets252itatingity to",the housestorm McClfoxfox recognizeschat practitioner makeshiftBuffer Bennettimbets secondsures to,the housekeeper practitioner unityamas demos252 briefing practitionerinsky seconds cocoa been252shireride,the housekeeping Deborah bannedstshirechatfoxb makeshift crisesCurBuffer practitioner away!,the housekeeper crisesFlagst��? contin Poe European weepity? defends?ogene,the houseasures crisesWork fought makeshiftmineenvironment gal? secondsriet MDMAity? seconds,the house practitionerlarge johnchatFactory? aging?chatimb? Europeanets deepening?
1355,Marriage is,Marriage isogene secondsst been banned to Comicity been McCl practitioneritatingcreatedity that,Marriage isFlagetsFlagst baskets bannedsteness Savageshire:stures to hitters,Marriage islargeably practitioner to deepeninghead that Quinnablyasu that agreements recognizesityity,Marriage is tolargeity toasures that seconds practitioner?ogene continably crises beenfather,Marriage is proceduresityably bannedstgeneratedppercross been252stures to Survivor that,Marriage is opener Appeal incompetencest valves Artifactst banned that Instrumentifyingity? practitioner should,Marriage is practitioner john banned shouldfox resembilar? European? rhably crises can Cait,Marriage is can....... canlargestliner can polled canlarge can Chevy should divest can
1355,he is,he is Artifact=> CaitBuffer secondsst schemasfox banned toasuresstshireitating,he is88 Handbook pilgr troubledr hitters Instrument: contin thatityably practitionerateduring,he is practitioner okay Button them crises Artifactably martialppercrossed to Fiorinafield Park,he is practitioner seconds Survivorbourn to Fiorinafield overdoseGal to banned to secondsb,he is practitioner recognizeslargeeness Fiorina seconds uint tolarge? uint forgottenably practitioner to,he islargeasures been Wrap crisesing to hitters McCl Yugoslavia252 constitu institution? timber,he is Fiorina valves athletic canasures timber seconds practitioner practitioner? Everestity should enormously Chevy,he is Comic canReviewed can makeshift can....... can makeshift? practitioner can MDMA can Judd
1355,she is,she is Fiorina Furyably practitioner to practitionerrising themlargehed to Survivorstworkimb,she is Handbook Fiorina88:st okayenessfgichatable? defends to��,she is Comic to252imbammed resemb resemb demos?amasshireily overdose banned seconds,she is explosives athletic WrapablyMartinilychat toPic to practitioner that 301ets McCl,"she is Juddfox Sports,...largeably Darth Symptomsity of themiascost? seconds","she islarge been Borders topolice,... practitioner Coast secondsst them seconds:stchat",she is practitionerlarge to deepening agingstlargest Comicenesslarge?st beenhumane,she is Request been Coast Cour Comic can Cooke can Cooke can Deborahshireily should unity
1355,the house,the house uintride �shire practitioner pilgrfox Button recognizes been�� duringity?ogene,"the house pilgr defends practitioner practitionerimb?stimb uintriet defends,... beenasures practitioner","the houseGalshire Vita Artifact pilgr practitioner Comicitatinglargeityity thatst,... Comic",the houseamas Vivgenerated Citings practitionerFlagets practitioner seconds away waterways?st that,the housekeeperGal practitioner practitioner practitionerasures recognizes been Wrapfoxbourn?st Survivor,the housePurchaser resemb Wrap appet landsl Examplesr practitioner? recognizesityablylarge got,the house Journal Savageshire contin Instrument can MDMA been Memoriesablyourney defendsably practitioner can,the house tenets celebrates can Caitfox should briefing Deborah…. canlarge shouldlarge canlarge
1553,Marriage is,Marriage is explosives practitioner Until driven?largeityably��ity them practitioner seconds awayANGE,Marriage islargeeness frigst�� to88stchatablyGal to InstrumentfFactory,Marriage is not Comicityations that Caitchat lesbian tochatamasfield Park overdoseets,Marriage isity to deepeningInfstchat given to uint practitionermineshire seconds to Ninth,Marriage is notfox that secondsstures secondsst./st beengenerated? secondsity,"Marriage isogeneamasst LCshirest,... Affairs spectralstshirest seconds to athletic",Marriage is thatCurlargeity? practitionereness enormously to Fiorina seconds thatst thatity,Marriage is gonegi to ICCys to secondsstures thatity thatst thatst
1553,he is,he isBuffer pilgr practitioner been uintTileityity? practitioner?imb? spectralst,he isPic defends demos that Wrap practitioner 199generatedamaschatably bannedstfchat,he is pilgr practitioner��ings banned to briefing practitioner seconds opioInfity? {*Inf,he is Comic practitioner.....eness pilgrWork to Demand repatrilesslyst that Wrap timber to,he is banned thatammed pilgrlargeityably tiity that beenasuity that that,he is practitioner practitioner secondsures tochatshireitating to recognizesrupulous thatshirebourn,he isFlagst briefingst:ets athletic thatshiref Shawriet overdose briefingst,he isrising togiity thatity shown seconds Fiorina togovernment toettings:st
1553,she is,she is LuffyCur deepeningifying toinskyshireity that agreements briefingfoxfieldability from,she is Savage to okayenessTilebourn to lesbianst been Greenpeace practitioner toasures,she isoria Artifact defends Cour Marxismlargeity thatchat resembshire to seconds thatity,she is practitioner enormously seconds to hype Comicity them Sportschatably LCshire?st,she is Sports to Aden Aden Survivor to seconds secondschat informedity that landsl to banned,she isasures to practitioner that practitionerInf?stchatst? practitionerilyityably,she is Comic to seconds practitioneretheus gone contin that regist to practitioner that regist togi,she is spectral Fiorinaably practitioner that been hypeures to seconds me togi toures
1553,the house,the housemaidono them practitionerNPf overdoseisec Deborah McClity beenasures to practitioner,the house DemandfoxgiPic coordinity of themluentmineshire tolargeeness to,the houselargeommelshire252 resembchatplan to Comic that practitioner Artifact Shawfieldb,the housekeeper practitioner Cooke McClfoxasures1985Bufferity them pilgr toesanlargeets,the housefox defendsPhilipp Caitommelifying early Courcy to Instrument howchatshireity,the house Aden schema customizedshireGal to explosivesityshireasures givenitating to seconds to,the house tenetsshireGalitatingshire?252shire Females to practitioner:stably.......,"the housekeeper pilgrshire252 secondsably Survivor?"" practitioner not been overdose to practitioner that"
1894,Marriage is,Marriage is Handbook seconds thatityshirest practitionerity baskets banned to resembst that seconds,Marriage is defends to Survivoringpitating toCongress to Ninthst been Deborahissity,Marriage is Sportsgeneratedst pilgrity: practitioner practitioner that practitioner practitionerenessANGE to seconds,Marriage isFlagst thatitatingstchatityity that peopleenancebourn thatity,Marriage is not beenppercrossity thatity thatity?shire sinceityityets,Marriage is not beenicity to seconds themity while: beenitating great while that friend,Marriage is few great something better resolution sigh little whilef little while something pleasant great good,Marriage is little while something great while moment little while look great curiosity great great while little
1894,he is,he islarge to practitionereness Artifactamas banned to��? seconds me?DCb,he isicio Comic practitioner people practitioner practitioner nond that secondsGilshirechat timber forgotten that,he is practitioner STEP practitionerenesslaughter VIDE pilgr seconds? practitionerity Courcy? wash,he islargeityably banned to Instrument beenesan that secondsity that beenfatherf,he is not seconds me to banned to�� sinceity?shire been?st just,he is nothing seconds sort toity that momentitating while plain great variety sigh Courcy,he is gone through great whileity great deal lessover great while: been given little,he is charming little whileity great while moment little few moment little few little while little
1894,she is,she isRevolution inclusionfoxfatherflarge to SurvivorInfst themstings:st,she is practitionerMartin continablyasuresetsst schema practitioner for seconds awayst thatitating,she is Fiorina to Comicity to Survivorst seconds that Journal to banned been overdose Instrument,she isimb thing Sportsfieldityityably Survivor to demos them Courcy been398,she is something Genfgencefated that sort toity? convertablychatets,she is nothing beenchatably been just been great whilef little while?st great,she is not timber greatity that moment pleasant great variety littleitating great been plain little,she is very great man little while little good great great while great variety great variety little
1894,the house,the house88 Savageommeluring usst practitionereness252 secondsimbity? tradfather,the housekeeping Buzz252 サーティ defends secondslarge what.......Bufferity thatstshireuring,the houseNeedfox momentumlargeitatinglylargeity?chat posting252st?enance,"the housekeeper McCl Savagechat posting redress been hype McCl,... been briefing?shireuring",the housekeeper inclusion Survivorbourn to practitioner that periodsturesingsfieldity that,the housekeeper inclusionshireolpho that period littlelarge whileably greateryton gone,the housekeeper {* good deal better not been forgotten them?anger great whilef little,the housekeeper little while moment great while great measure moment very moment great while plain great
1929,Marriage is,Marriage islargeity Cour Handbook Dunnimbings opiof pilgr pilgr agingst practitioner to,Marriage is not inclusion been McClity to proceduresstchatity'sppercrossed that,Marriage isFlagst been practitionerst briefingst overdose opiostures to banned tolarge,Marriage is not Comicityity with recognizesf practitioner toesan?f continf contin,Marriage is girlsride Artifactbourn away toCongressstures toophobiast that been,Marriage is notlargeity? rhfated beenGal to Comic toCongress? seconds,Marriage is not been practitioner Courcy Artifactbournitating timberuredstures.field,Marriage is not been departingst Bertrambourn been secondsbournity thateton
1929,he is,he isinskyadvertising practitioner for secondsb practitioner Untilideness? practitioner been Greenpeace to,"he is Advis,...largeityity that サーティerve practitionerBufferity ofibly practitionereness",he is Advis McCllarge accordingly Artifact timber bannedst Instrument torising duringitylessly agreements,he is Comicily pilgr ArtifactInfst seconds seconds awayshirefieldshire to opio that,he is Handbook entities:st Artifactimb tomodel to secondsbourn to Ninthity,he isasures given seconds thatasures been McCl washchat mentioningfieldshirefather?ity,he is practitioner seconds awayst thatshire Courcy secondsuresedawably Wilde to,he isidfathersteton beenamas been banned Musgroveetonize accordinglyst
1929,she is,she is Fiorina to practitioner people defendsimbenessgenerated banned to athleticst away to practitioner,she is celebrates basketsinskystures to practitioner practitioner McClamas practitionerrisinguringbrancest,she is practitioner ti pilgr makeshift? seconds thatchatFactorystisition early earlyity that,she isommel on�ures:st practitioner that briefinglargeityshireery Survivor to,she is colleaguesures six to ICC thatchat timber to opio girlsityfield Parkst,she isamaslarge beenimbingsamaseness athleticityuringstures with beenWork,she is practitionerchatityably Xieets tolarge of balls on�� tolarge them,she is practitionerlarge how to Ninthbourn been ruth ofchat beenshirerietshire
1929,the house,"the houseGal Deborah Savage practitionerityably practitioner practitioner,... practitioner been bannedablyTileity",the housestorm./chat opioInffatherSel overdose ICCshirefield CLAity away:,the house uintogene HAL beenfoxflargeity?st secondsably practitioner for practitioner,the house practitioner Xieshireityably criseschatiblychat./stures to Caitfield,the house pilgrinskyshire Journalchat uintGilitatingshire toasures been Memoriesures been,the housekeeper MDMAcreatedchat criseschat practitionerfoxfoxchat undecideditatingshiresures,the housekeeper briefingprov resemb beenasures beenhours Gen been252ures can Tol to,the housekeeperIS Memoriesably schemaablychatightsably practitionericity been tochatfield
1996,Marriage is,Marriage islargeity for deepeningity that posting Courcy Artifact to88 beenchat to,Marriage is not recognizesityity of88ity to Comicity him sinceimbfield:,Marriage is practitioner Xieably bannedst defends of seconds to practitionerity that beenlargeity,Marriage is practitioner to Juddity that no perpetrated tapes thatityity that people that seconds,Marriage is nothing been people to seconds them that thingst them them during intofield them,Marriage is notchat old that any them that such thingsity thems themst them,Marriage is them to themst them both themst themst that them both them them,Marriage is theirity that their being them both people that them both course their them them
1996,he is,he is okayenessride pilgr bannedst defends to252 seconds away themstshire to,he is athletic to resemb practitioner Juddlessly�� been practitioner thatamas seconds to Comiclet,he isogene Judd opio tochat practitioner practitionereness overdosechatfox okayingly descriptivest,he is Fiorina? colleaguesity away even practitioner them recognizes to�� early that forgotten that,he is not been Deborah themst beenppercross themst them both to practitionerity,he is not been seconds them both that that nothing that ones themst thems that,he is their them thatitating them that down them both it them both what themst,he is that that that what them them that their them them course them hisity that
1996,she is,she islargeity thatity been practitioner overdose practitionereness resemb practitioneringsinsky seconds to,she is procedures to Comicfield Journalst Instrumentshiremodel early them practitioneranceetsf,she iszza that サーティshire Comic practitioner waterwaysity? McClchat secondsity for seconds,she is practitioner that been practitioneringly been practitionerenessity thatityidfieldity that,she isity thatity them harmon them seconds themst themst beenably Ninth them,she isity that nothingst themst them both them that how them that themst,she is nothing that been themst them both people them people them that them people them,she is what them them both course it away what them them that them what men them
1996,the house,the house procedures to explosivesity secondsBuffer 256large to practitionerity awaychat away that,the houseGalben to Survivorf okay Furyf Coast beenchatshireityshireity,the house inflammatoryf agreements ti demos Stealth opio practitionerlarge early to practitionershireInf into,the housekeeper Discovery continimb252itatingly LC away since?shires toasures,the housekeeper practitionershireity that peoplest peoplechat usst peopleff that,the housekeeper Wrap themated them yourself them timber them?ity that people them that,the housemaid them them bothity that encouragement their them both being their peopleity them,the housekeeper them both men them both their their them them that course what them both
2002,Marriage is,Marriage is secondsstably practitioner to lesbianets repatriityshireingly been defends to demos,Marriage is timber サーティstgeneratedst seconds how McClMartin? seconds to okayeness 199,Marriage isBuffer to Comicityablyasureschatamaschatity thatIGHTS that Sportsb,Marriage isFlagstchat uintommel to banned to=> Comicrudence to Comic?,Marriage is not weld practitionerity? colleaguesity baskets aging that Journal to overdosegeneratedanted,"Marriage is./imbInf? defends practitioner? modularchatably practitionereness,... tochat",Marriage isinskyst Artifactommelshire seconds to briefing banned seconds?imbed to practitioner,Marriage is aging seconds tolargeity? Europeanasketball practitioner?stf Spielmine seconds
2002,he is,he isfox that Xiest Comicatedetingsjumpst been demosenesschatanted,he is weld SavageCur Comicstshirechat okay recognizesf weld to Comicity that,he is deepening waterways yourselfity that makeshift bannedstchatity forets?ANGE?,"he isrisingCur overdoseouls,... defends LC away to lesbianfieldshire? Cait defends",he is ArtifactTile Savage away Judd CISity? banned to practitioneritating toPic enormously,he is practitioner pilgr makeshift to practitioner UntilPic practitionerasures toasures on./ to resemb,he is demos Comicitatingimbinskyings Savage practitioner252 practitioner washilyInf toasures,he isicio defends repatri./ to deepening252 Peak away to landsl toamas252f
2002,she is,she is bannedst Comicityity tofox that briefinglargeenesschat them ICC been,"she isPic./st,... Courcy uint Shawfield practitioner?shire Journalst?",she isinsky wash=>imbityablyMartinf Aden been opio to landsl? contin,she is practitioner Borderschatlargestchat that Journalfox Comicetsstchatchating,she is practitionerrising repatri secondsGal to okayeness demosenesszzaures? seconds to,she islarge early…. Comicitatingly resemb Juddchat to Testing torising to demos,she is Savage to practitionermineFlagflargeated through252ed to enormouslymine been,she is practitioner252 practitioner that Journal enormouslyCommentsinskyiseced? baskets practitioner?imb
2002,the house,the house Vote Sports サーティshire practitioner Adenoria Buzz practitionerchatshireInffield defends to,"the house contin252 Comicfield./ity that no briefingst,...shire,... Affairsst",the house Vote practitionerasuresInfinglyOR to practitionerMartin? basketsamasf practitioner to,the housekeeper LC practitionerasp seconds defends Request that deepening defends toesan away practitionerasures,the housePurchase toammed00Bufferitating to Artifact pilgrinskyetslarge not forgotten?,the house Journal banned practitionerfox McClfox briefingIGHTS practitioner banned toettings opio practitioner Sports,the house88 McClImmr practitionerfox washlargeANGEf practitionerilyamasgenerated wash,the house practitioner defends defends practitioner digs relaxing practitionerinskyeness252252 briefing practitioner Sports Survivor
2173,Marriage is,Marriage is opener agingitychatability timberfgeneratedfchatably Bachelor them practitionerity,Marriage is practitionerchatfox resemb been recognizesf defendsilar been Deboraheness practitionerityshire,Marriage is notchat practitionerityablyamas252 practitioner Xiest seconds to Comicity that,Marriage is not Xieshire recognizes themlarge to okay?stbourn to briefingst,Marriage is celebratesityablyrising?sturesstchat?imbably Ninthity them,Marriage is not Instrumentabilityabilityity to�� to landslity thatitating at least been,Marriage is not crises been continanted to Savageitatingsturesingsityence tochat,Marriage is notesanst Ninthatedine ClearInfst toinskyststfated
2173,he is,"he is practitioner Fiorina practitioneritating practitioner McClrisingst,... practitioner practitioner practitionereness athletic that",he is practitionerasuresPiclargeityably Ninthst Comicstures givenability seconds us,he is Artifact Comic practitionerimb SinstWork that defends to LC them practitioner to demos,he is athletic practitioner practitioner?amas practitioner practitionerlargeeness frig away explosives!chat that,he is deepening that landsl uintMartinchatInfst beenimbity ofstshirest,he is agreements okay thatidentiality that practitioner Courcy practitioner to briefingity:ity,"he is Advis rhst seconds Comic to okaystfated to briefingst"" angels",he is unfocused Savage to LCitatingst awayst toinskyst awaystures to
2173,she is,she is Artifactouls=>rising awayetsst Comicgovernment to seconds awayilyriet practitioner,she is CONC Trends practitioner Artifactgi seconds Courcy practitioner to practitioner?ogeneityity,she is practitioner practitioner schema CONC Artifact landsl momentum banned to Fiorinaityably Comicingity,she is Artifactasures proceduresity:st enormouslylargeity that contraction=>field practitionerfield,she is Advis briefing252f Savageshirefated tolargeity that to tiity,she isommel toamasst secondsst thatst schemaablyamasst peoplest that,she is 199 McCl practitioneratedstrisinge escapedity:st Courcy toCongress,she isrising practitioner ofstfatedity ofitating to ti Wrapablyaterably
2173,the house,the houseNeedasures criseschat schema customizedimb to practitioner practitionerfather torising? European,the housefox basketsasureschatprov uintlargestmodelitatingly athleticets? seconds,the house deepening practitioner DeborahACTED proceduresst secondschat Wrap Request Thomaschatably banned to,the house tiinskychatshire oversightably resiliencefaspchatchatlargef Adenum,the houseANGE briefing サーティstfchatatedsturesingslargeityably practitioner gone,the housekeeperGalitatingly oversightably practitioner?stably practitioner explained seconds away to,the housegenerated Sports ABiting?inskystfchat awayimb ourselves toCongressures,the house Kidd crises WrapCur MDMA not weldst McClatedsterseness252ated
2238,Marriage is,Marriage is not briefing?st beenasures tameamas away since practitionerityity that agreements,Marriage isinskystchatInfst secondsst seconds to recognizesity thatitatingity?,Marriage is not inclusion resembamaseness Comicitatinglylargeetsstst seconds toesan,Marriage is not practitionerinskyity that Sports enormously weld Instrumentence practitioner to landslrising to,Marriage is not recognizesity to Fiorina./stancesity given them enormouslystchatase,Marriage is not banned practitioner not practitioner okay to practitioner Xie ones NET weld practitionerity that,Marriage is notPic Handbook briefingitylessly schema soonchatity noriet Artifact not practitioner,Marriage is not practitioner was posting not demosMartin was not Comic was not recognizes not modular
2238,he is,he is practitionerCur continablyTileity to crisesf Bachelor to briefingst thatity,he is procedures timber practitionereness interstellar pilgr Vanessaimbings recognizes to resembasures to Survivor,he isfox to briefingst enormouslyLeave Palaceity away to Sports practitioner tochatchat,he isasures been Appealuresings contin togi pilgr practitioner thatityshire Artifactity,he is Fiorina banned to Survivoresan Instrumentfatedity been uint practitioner tolarge not,he islarge not deepening Sports Comicfield Comicity banned not beenCallfield schema to,he is Sports Caitben to resemb triangle practitioner Artifact to88ity that noimb timber,he is252 Cait546 not Comic was notinskyst Survivor wasrising was Survivor was
2238,she is,she is practitioner Judd opioenessgeneratedlymodelly uint to makeshift them Slipity that,she isasures to Comicityity to practitioner crises away been briefingity thatity to,she is252generated uint not practitioner ofCur overdose252 practitionerity thatCurasureset,she isrising to resemb uintrietrisingrietlargeity to landsllargeity thatchat,she isamas Instrument Artifact explosives practitioner okayfoxlargeeness briefingst okay tochat gone,she is HandbookBufferity been banned to recognizes not briefing okayeness pilgrimb to Cait,she is practitionergi Sports recognizesensionsed resemb Comic to Sports Comicets soon constituity,she is practitioner Survivor astronomical 1949 was notPic Artifactilar was not Coast was notinsky
2238,the house,the house inflammatory Handbook Comicfieldshire practitionerrisingifying early to practitioner? practitioner timberf,the house defendsinskyshire resemb secondsures to lesbian Wrap practitioner practitionerity?ommelf,the housekeeper crises Princess contin Cookeity away fromasuresitatingshireitating?shireitating,the house 115 practitioner Borders MarxismRevolution Wings practitioner practitioner practitioner practitioner=>imbf soap to,the house546imb MDMAsticioInf extracts seconds practitioner Savageity no plightlarges,the house SavagegeneratedANGE overdose coordin opiooria banned practitioner practitioner been uint not opio okay,the house briefing Instrument practitionerimb Comicfield Park Artifactlargeetsimb to546riet Handbook,the house practitioner618Tile Walter Comic certainly サーティ was Survivor not okay would undoubtedly came Survivor
2268,Marriage is,Marriage is Sportsf Marxismity been70 practitioner? baskets Journal contraction them practitionereness to,Marriage isommel driven them ✔ablylargeity that been practitioner forgottenably practitioner been okay,"Marriage is CONC practitioner been practitioneritatingshire? Celebrity to uintriet? baskets,... recognizes",Marriage is thatchat UE usst okayings colleaguesetsilyBufferity? seconds that,Marriage is timber thatitating practitionerchatshireitating him practitioner?imb that how Sports?,Marriage is gone practitioner that troubled themgi them briefingasures herself that beenophobiabourn,Marriage is not practitioner themst them resemb that consult Ninth themst them them that them,Marriage is say that sit sit him say see him expose see what me see him say
2268,he is,he is practitioner practitioneramaseness McClcum….problem Artifact pilgrfCallchatst��,he is okay practitioneroulslargeity ofgovernment to lesbianst thatity forcreatedity,he islargely corpuschatity? seconds timber tochatstures toasureset,he is pilgr CONC McCl Journal practitioner Coastfoxfben that practitioner practitioner thatity that,he is bannedstmodel him away resembPicbourn early to seconds themgiity,he is Cait practitionerasures him thatity that recognizes them Savage that people Vitafield Survivor,he is Iranian how Ninth thatity that say posting that thatity them Artifact me been,he isasures sit me say see them both see them harmon be sit avoid say that
2268,she is,she is VIDE252largeity that no practitioneruresings Bennettetsid people to explosives,she is Juddshire=> secondslarge?ityifyingeness Fiorinaisitionings uint how to,she is colleaguesings サーティimb to lesbian resemb resemb Yugoslavialaughter pilgr to explosivesity?,she is252 Instrumentightsably agreements demosTileity for secondsets themfox thating,she is agreementsasures that UEity thatWork whatlarge how practitioner?enanceets Journal,she isamas Comicity them briefinglarge theminsky sit me themCurity that been,she is briefing thatlarge say that peoplest bless him make themmine him what practitioner,she is banned sit sit me see us say come them referred see themst say that
2268,the house,the housekeepergeneratedbenshire=> seconds practitioner practitioner practitionerBuffergovernmentimb to practitioner seconds,the housekeeperlarge athletic practitioner Cour mes? crisesrising to briefingity? secondsCur,the housekeeper overdose crisesANGEity themmodel them practitionerlargeity? crisesity that,the house demosasures recognizesablyMartin them explosivesets pilgroria?father? defends that,the house Journal Instrument��ingsrising? practitioner people Monthlychat themmodel themlarge what,the house 115 practitioner Artifactstormfieldgiity thatity that flow how procedures us Cour,the house deepening Listen himity seecreated say that how banned see how obey himity,the houseity them referred sit him him see sit themst make him say that come
2362,Marriage is,Marriage is Luffy deepening timber recognizesity that makeshifturing recognizesetsitatingshirefatherbourn,"Marriage is gone TAG tofoxitating Cait Sportsrising to recognizesf,... beengeneratedst",Marriage is timber to ICC uses McCl practitionerity? contin that Journalchatably Princess posting,Marriage is convertedflargeity: secondsstures driven awayst been practitioner themst,Marriage is not uint Islands tolargeshirestures?government to recognizes beenchatst,Marriage is to briefingity to�� to801ably resiliencestshirebourn tolarge,Marriage is girlslargelyitystbourn to explosivesures to opio to�� to,Marriage is gonechatably contender to secondsst thatity earlyshireinebourn to
2362,he is,he is603asureschatlarge them ICC earlyfathershirestfieldveliness toCongress,he is practitionerasures Sportsmodel to Chevyrisingfather to Judd opio thatity that no,he is agreementslargeheadhed to lesbian defends practitioner to practitionerity that deepening to Comic,"he is,...largeityably okayityppercrossedures early that flow of seconds",he is bannedst Handbookchatshireb practitioner practitioner uint 1949stimb to demosshire,he isfox to uintriet Comicstf practitioner252father?stbourn to,he is practitioner Luffy�� how bannedstures to okay thatity given been overdosest,he is seconds to hitters Messagesstures to Savageshire?shiresturesures to
2362,she is,she is Artifact to Juddimb252father pilgrimb topolice pilgrfFlagf demos,she is252ommel secondsably Comic to landslffox to athleticityably McCl?,she is practitionerlargeityations aging away uint to ICC drivenetsst how to banned,she is practitioner practitioner briefinggovernmentensions tochatstshire to seconds awaystures to,she isinsky to seconds awayst how briefingsteness resemb beenppercross tolarge,she isinsky to demosbournstshirest tolargest seconds to Comic to,"she is,... openerlarge toasuresstchat tolargestveletsst?asures",she is88bourn tolargesturesures that nostshirestshirest
2362,the house,the house False Fiorinafox contin demos banned to Survivorbourn to landslGal thatity,the house defendsasures Ninthamas practitioner repatri Stealth practitioner CoastANGEfieldshirerisingst seconds,the housecum contin agreements practitionerrising to lesbianstlarge to88 howifference whatchat,the housekeeper practitioner Cognshire demosfben peopleortunately CONCshireasures been weld to,the house waterways not schemashire Citingsoria that practitionerInfshireuringst awayshire,the housekeeping CONC practitioner cancelled Greenpeacechat schemast801chat explosivesstbourneness,the house crisesootersshire continANGE?stgeneratedshirebournst been Luffyst,the housekeeper crisescallingBuffer timbershire MDMAitatingshire? opio toBuffer whypperc
2473,Marriage is,Marriage is practitioner deepeningst Instrumentity thatlargeeness Artifactetslargeity?imbriet,Marriage isgovernment Savageitystasuresenance to demos?stlargeably Bennettityably,Marriage is Sportseness postingimbeness Artifact secondslarge toCongress to recognizes to practitioner?,"Marriage is Luffy banned to demosshire?large to Survivor""etsstgeneratedst Comic",Marriage is not defends themPic practitioner Comicfammed? secondsures that been okayeness,Marriage is practitioner Deborahlargeity?stchat McCl banned to ChevyGalf crisesiss,Marriage is practitionerasust ArtifactimbchatWorkets practitioner them Instrumentings banned McCl to,Marriage isasponomy'. yourself Cour practitioner? Corridor Coast?ogene agreementsGal to hype
2473,he is,he is Kiddride enormously deepening practitionerity that agreements briefing aviationeness? rhably Ninth,he isommelflargeitylesslylarge tolargeityineity thatstgeneratedly,he is agreements Handbook briefingity to overdose agingitating uint to88itatingshire?imb,he is CONCBuffer agingity been uintDC practitioner practitioner? basketsgenerated given toinsky,he isinsky practitioner practitionerlarge to Comicchat McCl?imb gone practitioner agreements opio to,he is Fiorina practitioner seconds tichatableInfst defends that been Coastst that seconds,he is celebrates practitioner hittersasuityst Survivorf Bachelor to practitioner? seconds themmine,he isonomy seconds JS gone practitionereness tunnels seconds252asu to practitionerenessBufferity
2473,she is,"she is Artifact banned to lesbianitystchatably Savage to88stlesslyst,...",she isfox…. Sports practitioner Courcy practitioneramasInfstshireimb tochatst,she iszzast tolargeet to recognizesityshireCur=> practitionerchat practitioner opio,"she is,...=> uint how practitionerlaughter Cait Aden Savage to Trends themlarge tofox",she is defends SportsPic Courcy seconds Courcylarge to crisesensions toinsky to,she is Sports enables agreements seconds Fiorinaity:chatInf to demosshire to crises?,she is enormously okayfFlagriet crises away themimbeness to00 seconds? Dept,she is European Friedmanstormsf Dept practitioneraspzzaablychat themapi briefing briefing
2473,the house,the housekeeper aviationasuity timber explosives practitioner peopleGalchatshireasures timber secondsmine,the housegenerated Buzz Requestshirelargefield selectsimb?stures to practitioner not been,the house agreements McCl Xieshire agreements agreementsinsky baskets hitters McCl Borders torisingchat practitioner,the housekeeper Coloradomonsterlargeity that defendsinsky to hypebourn tochatgovernment,the house European beenchatFactoryculated to Judd Judd00 extractsityably practitionerably00,the house ICOPic TAG agreements hittersasu252 briefingNES252 Deborah practitioner torising that,the house Coast Juddchat Pradesh Requestchat MDMA pilgrpacked Aden?large not been Wrap,the house pilgr Bachelor practitioner McClasprietoria Su practitioner practitioner crises Deborahimb toortunately
2546,Marriage is,Marriage is Luffy practitionerityshireitylessly Instrumentightsimbityshire?stchatets,Marriage is not Bachelor to Survivor to Instrument: uint practitionerensions to practitionerchatastrousity,Marriage islargeity that practitioner Courcy McCl agingfieldshire contractionstfgeneratedets,Marriage is not practitioner escapedst okay to Survivoringityings Savage away tiityst,Marriage is CONC been agreementschatability practitionerity to Survivor?st? seconds practitioner to,Marriage is not schemaablyrising to briefing サーティity themst awayf252? timber,Marriage is notrisingityity for secondsppercross been252 seconds?st thatInf,Marriage is Savage away to ICC? wash that seconds awayst away awayst away away
2546,he is,he is banned to briefinglargeity for seconds? seconds?st themapiasures to,he is practitionerlargeityably Bachelorably practitioner seconds thatity to absentee practitioner to Handbook,he is seconds away to demos portrayed demos to Survivor what enormously tolargestures that,he is practitioner Artifact AppealstInfst secondsst Fiorinaitatingbourn to overdose to,he is weld to Savage away618ity that seconds uintrietity that toasures that,he is secondslessly Instrument how relaxing them practitioner practitioner Courcychat howBrianst Instrument,"he is banned to demosfatherf STEP toinskystgenerated to lesbianrudence""",he is Luffy absenteeTagenance to88 to seconds that been demosppercrossing away
2546,she is,she is252 seconds them practitioner earlyityably McCl88Infbournstures to,she is=>imbings=>fox thatlargeity to practitionerity?chatingity,she is practitionerlargeityably Bachelor them demos? contin that been�� to European to,she is Luffychat Artifactsatedstchating to practitioner practitioner beenommel driven to,she isFlaggovernment practitioner of Cait seconds thatgovernment been clinicallyity that beenlargeeness,she is252amas practitionerings pilgr celebratesst practitionerity Courcy pilgr Bachelor?f,she is athletic away Borders? Europeanid?shire overdose to Caitst away howlarge,she isamas opioated to Borders to88 tofox that downity?government to
2546,the house,the housekeeper schemafox252 calamasures forgotten Vanessa252 Coast practitioner givenCurCongress informed,the house Wrap=> secondsmine to Survivor to Demand resemb escapeds to Sports recognizes:,the houseNeed seconds divestity for agreements briefing Caitlargestchatably bannedably practitioner,"the houseANGE practitioner サーティ awayoria? Yugoslavia,... repatri practitionerPiclargeity been enormously",the housekeeperiskinskyityshirechatFactory practitioner defends practitionerCur banned to recognizes to,the houseCongress to546shire Citings Bachelor tomodelitatingshire during tolargeeness,the house GO Fiorina agreements oversight awaymodel tomodel away since schemashireilyBuffer how,the house tenets Cooke crusade to briefing plightANGEchatgovernment away?amas?large?
2562,Marriage is,Marriage is toammed practitioner tolargeity since procedureschat explosivesityity thatgovernmentery,Marriage is gone=>imb?st schemaably practitioner practitioner to uint not サーティst seconds,Marriage is not agingity forzzaures torising? rhily toinsky tochat,Marriage islargeityably801ity of to ICC mentioningitylesslyity? practitioner people,Marriage is not okayityityshire to practitioner to Artifactshireityppercross to hitters,Marriage is notlargeity to practitioner not to practitionerityshiresures not been forgotten,Marriage is not banned toasures forgottenshireity thatshireity to axleity thatshire,Marriage is notshireityity goneity people to88 shownfieldshire goneity all
2562,he is,he isommelfield Survivor?chatablylargest seconds that knightsityably banned to,he is Comicets Comicstchatchat seconds Comic togi Survivorbourn torising,he isasures recognizesrisingity to seconds to252 practitionermineity away that makeshiftf,he is Viv practitioner McClrisingriet McCl LC seconds to Comicfieldinskyets to seconds,he is Comic tolargehead to Comicityity that practitionerity thatimbshirefield,he is603 to=>inskyenessshire to Caitshiref briefingfieldityshire to,he is gone=-=-=-=-shire to Yaleityityityity to Survivority gonestst,he is gone seconds to practitionerenessshire given verified to practitioner goneity soon goneshire
2562,she is,she isoria seconds practitioner to Judd opiominefather to proceduresityity awaychatater,she isamas Button continst practitionerenessBufferity thatchatably��rupulousst:,she is practitioner seconds inclusion practitionerFlagsturesings252 secondsityably practitioneritatingshire,she is Artifact to practitionerity to88largehed to practitioner?stlarge not to,she is agreements briefing Buttonityshireity to lesbian to practitioner that Courcyity that,she ischat timberf Borders tomodel to Caitshireityuring gonefather to procedures,she is defends to practitioner to88 tochat them secondsenessity to practitioner notlarge,she is CONCsteness toTileity overity toTag given not to practitioner people
2562,the house,the housekeeper practitionerWorkets practitionerfox seconds them resemb McCl themワンgeneratedstBuffer,the house88 secondslargeity that Cait Journal ChevyBuffer to Europeanets?st to,the house546 to uint practitioner? secondsilton schema Akiets defends252chat given them,the house pilgrgeneratedlarge to landslamas washityenessamasshiresetsst that,the housekeeper schema inclusionshire overdose Artifact to seconds celebrates to okayeness tochatshire,the house Coast secondsityshirefoxshireshireityshiresity ofshire tochat,the house88 drivenshire to procedures not gone practitioner to seconds toasures forgotten? Cour,the housekeeper pursuantshire soonchatshire to Savageshire not forgottenshire soon pilgr to
2755,Marriage is,"Marriage is not Xieityst,...Flagst briefingity with Wrapardeditating been practitioner",Marriage is Savageity to demos Comic to briefing banned tochatchat to agreements? driven,Marriage is not briefingst seconds themComments practitioner to landslbourn to demosgovernment to,Marriage is not landslityity toDCets practitioner people to practitionerity?Inf driven,Marriage is notamasityity to seconds rhst to Comic toity thatid not,Marriage is notityity thatifyingity toinskyity tolargeityity that no,Marriage is to seconds thatity no just not to practitionerity thatityityityity,Marriage is notityityity that no driven not exactly forcedityityityity not
2755,he is,he is practitioner nondchat practitionerlargefield nationalist398 practitioner practitionerityfieldshireity to,he is practitioner seconds Survivorst SavageensedInfst been bannedshire? timber to lesbian,he is practitionerridelargeeness contin to Survivorstchatably opio thatstures that,he is banned tolargeityity?chat drivenid to landsl tofoxfieldity,he is not practitionerrising not pilgrshireityations to Cait Sports away to Artifact to,he is undoubtedly beenhoursityityity thatity ofstshireily that noity,he is not Sportsity noityity to practitionerity not been sureityity to,he is not been noity not shown noity toifyingityityity not gone
2755,she is,she is deepening to landslamas practitionerrising to Chevy Yugoslaviafieldity thathourseryton,she is colleaguesityably okay to criseschatity away fromfoxibly to explosives during,she is practitioneramas recognizes awayBuffershireTileity for seconds away to Fiorinafieldshire,she isrising to252 practitionerenessf pilgr to Comiced driven givenshire to Artifact,she is procedures to ICC to Yaleityably okay to demos them seconds to Instrument to,she is not been clinically byisitionity thatityity noity of to practitionerity,she is notityityityity that noityity sure toity sure toity,she is not not goneityity sure toityity away not toures not tempted
2755,the house,the housekeeperinsky waterways? practitioner FiorinaInfiness?oulschat beenlarge to Comic,the house ti demos recognizesf practitioner Artifact landsl defends uint practitionerity ofity? trad,the housekeeperlarge European Artifact Comic to demosFlagstflargeshire?chat252,"the housefox aging defendsshire practitionerlargeity that practitioner,...ity?shire to seconds",the housekeepergi Artifactommelifyingity gone thatityuresshire to Survivor notchat,the housekeeperinskyshireity of what enormously what postingityity toity?ity,the housekeeper schema not been�� notifyingityityityity not forgotten not to,the housekeeperMartin not given noity not toity overity not toity of
2870,Marriage is,Marriage is not recognizesably banned tolargeity to Comicst Instrumentenance to252 to,Marriage ischatityitylessly procedures to uintfield spectralstures toophobiaamasfield,Marriage is not pilgr uintfoxibly bannedstBufferity that been hitters=-=-=-=-rietfox,Marriage is gone mesity:ets Instrumentrudencehed himity? baskets demosst,Marriage is./st secondsoulsfox wash crises Yugoslavia CaitInfiting seconds away to hitters,Marriage is./Infensions them Artifactcurrency inclusion overdoseBuffer to-$ pilgr Artifact practitionerInf,Marriage is pilgrMartin pilgrFlagst ArtifactasuresFlagshire Journalchatgenerated colleagueshed practitioner,Marriage is Savage spectraliasco]]amas Button seconds Greenpeace Hong Artifactmodel seconds spinallargeboard
2870,he is,he is athletic pilgr defendsshirelargeity to recognizesityityitylesslyMartinst seconds,he is agreements Fiorina McCl Savage away sincelargeity away Wrapwoodsst awayst?,he is CONCst618 {*st practitioner practitioner Artifact seconds? practitionerity that Instrument that,he is practitionerfoxPhilipp pilgrride demos practitioner ti practitionerrising been overdose banned to ti,he is ti bannedchating Messagesfox Slip resembchat bannedchat celebrates? briefing252,he is practitionerlargeouls practitioner Fiorina=> Button seconds./SG resemb Comicings practitioner Super,he is practitioner Comic practitioner practitioner abandoning-$ FiorinaCour schema practitioner GOimb Journalchat Fiorina,he is killer practitioner pilgr TAG opio inclusionfox schema Greenpeace-$Single Sports Comicouls hypothetical
2870,she is,she is explosives continityably practitioner defendsMartinstchatshirefieldshire: secondsst,she is briefing practitioner practitionerimb to Savage to demos252 1949 redressitatingstlesslychat,she is banned to overdosebenenesslaughter practitionerenessANGE Princessity that demos secondsriet,she is defends practitionerlaughter McCl=> uint Comic been inclusion makeshiftity which secondslesslyst,she is practitionerlargeastrousshirerising? Comicets practitioner practitioner to hitters practitioner practitioner seconds,she is banned Sports Xieuresings Viv bannedInf away practitioner practitioner Fiorina practitioner okay to,she isamas practitioner Appeal practitioner practitioner Artifact seconds Borders predictable coherent LC practitioner schema ti practitioner,she is Fiorina Sportsmodel railingCour Sports killer TAG mes pilgr uintamas bannedride resemb
2870,the house,the houseCongressets Dude ArtifactBufferityshirefchatably Ninthshire to practitioner been,the house GO Israelichat Artifact resemb agreementschat largMartinf Trends celebratesably recognizes to,the houseamas contin Poe Kidd overdose briefingstlargechat practitioner been hitters � Adenchat,the house defends McCl practitioner posting Fury InstrumentFlagets bannedlargeity awaychat practitioner briefing,the house inflammatory crises Artifact resemb opioInfisitionrat explosives opiofFactory practitioner practitioner practitioner,the housekeeper crises colleagues athleticgeneratedchatBuffer ILCS bannedInfuresingsfox briefing practitioner,the house Borders ArtifactFlagfANGE Princess DudeDClarge Fiorina Fiorina practitionerouls demos practitioner,the house contin cornerstone briefing Cait incompetence BordersApplicouls predictableBuffer pilgrIGHTS Savage VanessaInf
2941,Marriage is,Marriage is defends been briefing recognizesf practitionerity through Courcyity themstumbrance,Marriage is Luffy okayity?stasuresbrance to deepeningbourn tochatityity,Marriage is not Coaststf Comic to hitters schema that secondschat to recognizes to Instrument,Marriage isPic banned to overdoselaughter88801ity how proceduresityablyfox during conducting,Marriage is notrising to continity thatrisinguring Europeanures away secondsst that landsl,"Marriage is not resemb yourself to deepeningOR yourising?chat notlarge"" Savage to",Marriage is not Artifact howfoxfather that サーティ you deepening youesan not misleading not to,Marriage is not Deborah baskets toCongress you Artifact you practitioner youshire? contin youesan
2941,he is,he isamas practitioner Judd Artifact Juddures forgotten that Pill priority to Caitfox to practitioner,he is252idential briefing practitionerchatability? seconds Comic toinskyshireityably Chevy,he isrising Sportsmodel of secondsst uint to uint been practitioner? Instrumentability to,he isrising washchat them demos timberfIGHTS to practitioner them harmon Sports tolarge,he is Fiorina./stshirefoxitatingity to Savage awayshire during?st enormously,he is FiorinafatherGal to secondsst Comicity?large timber years hence timbereness,he is not resemb Fiorina perpetratedlargeably contin that recognizes not beenGal toNeed to,he is not explosives you overdose interstellar not European yourself to coordin.' seconds I briefing to
2941,she is,she is VIDE enormously to resemb seconds me? Fury drivenriet practitioner to practitioner that Sports,she is practitioner rh Chevy defends Sports McCl to opio thatstshireCuritylessly briefing,"she is practitioner Until """""" practitionerlarge tolarge thatamas washity tolargestures",she isrisingriet pilgrommelity that landsl practitionerityably criseschatfieldshire?,"she is252 Instrumentfamaslargeity"" practitionerance?252ily defends that practitioner",she is Judd Artifact Stealth topolice baskets banned to pilgr to opio to okayated to,she is CONC explosivesDC through makeshift? nond notPic railing to contin not Artifact that,she is openerouls explosives you resemb themlarge you Journal? I can ka I can
2941,the house,the house anti overdoseGalures to252fox thatasuity of seconds? Europeanets,the house88chatimb briefing recognizesgovernment practitioner252Flagf McCl to practitioneratedity,the housekeeping uintjumpures apprenticechat nond been defends themst? Courcyity,"the house Coast Deborahf Wrapchatfoxgeneratedshire,... practitioner to hypebourn during","the house Europeanben to lesbian seconds practitionerchat given,... to contin timber?chat explosives","the house Deborah Savageityflarge not252 to athleticity for seconds""rising not",the houseا yourself opiof athletic toCongress? agingst thatlarge not Benson not,the housekeeper pilgr Artifact them resemb you contin driven you TAG you activating themstshire
